Image,Class
image10508.jpg,Food
image1146.jpg,Food
image9250.jpg,Food
image7996.jpg,Food
image1480.jpg,Decorationandsignage
image8202.jpg,Food
image2139.jpg,Food
image2363.jpg,misc
image2835.jpg,misc
image10765.jpg,Food
image2888.jpg,Decorationandsignage
image10364.jpg,Food
image4375.jpg,Attire
image4017.jpg,Attire
image298.jpg,Attire
image2365.jpg,Decorationandsignage
image3828.jpg,Decorationandsignage
image2445.jpg,misc
image3235.jpg,Attire
image1284.jpg,Food
image9090.jpg,Attire
image7267.jpg,Decorationandsignage
image6562.jpg,misc
image3619.jpg,Attire
image8434.jpg,Attire
image4754.jpg,Attire
image9170.jpg,Food
image7311.jpg,misc
image8537.jpg,misc
image9352.jpg,Food
image6079.jpg,Food
image10501.jpg,Food
image6138.jpg,Food
image8274.jpg,Attire
image1795.jpg,Food
image2149.jpg,misc
image8222.jpg,Attire
image9448.jpg,Attire
image9345.jpg,Food
image2216.jpg,Attire
image10224.jpg,misc
image4781.jpg,Decorationandsignage
image7146.jpg,Food
image10654.jpg,Food
image8027.jpg,Attire
image658.jpg,Decorationandsignage
image8208.jpg,Food
image7060.jpg,misc
image2983.jpg,Attire
image4434.jpg,Attire
image6037.jpg,Attire
image2878.jpg,Attire
image4583.jpg,misc
image7913.jpg,Attire
image6910.jpg,misc
image5255.jpg,misc
image832.jpg,Food
image1943.jpg,Decorationandsignage
image10518.jpg,Attire
image2728.jpg,Attire
image10027.jpg,Attire
image5725.jpg,Food
image7111.jpg,misc
image3081.jpg,misc
image350.jpg,Decorationandsignage
image10056.jpg,misc
image1962.jpg,Decorationandsignage
image4345.jpg,Food
image9808.jpg,misc
image10616.jpg,Food
image4459.jpg,Food
image1673.jpg,Food
image2528.jpg,Attire
image3340.jpg,Attire
image6443.jpg,Attire
image63.jpg,Attire
image8398.jpg,Attire
image2789.jpg,Food
image1038.jpg,Attire
image1775.jpg,Attire
image6264.jpg,Food
image4565.jpg,Attire
image8735.jpg,Food
image7815.jpg,Food
image2726.jpg,Attire
image6549.jpg,Attire
image2118.jpg,Decorationandsignage
image6903.jpg,Attire
image4337.jpg,Attire
image10297.jpg,Attire
image2759.jpg,misc
image3015.jpg,Decorationandsignage
image5969.jpg,Food
image8054.jpg,Food
image10049.jpg,Attire
image1994.jpg,misc
image4513.jpg,Attire
image9119.jpg,Food
image7839.jpg,Attire
image4245.jpg,Food
image7736.jpg,Attire
image8790.jpg,Food
image2323.jpg,Food
image8011.jpg,Food
image5230.jpg,misc
image6493.jpg,Attire
image10001.jpg,Food
image1565.jpg,Attire
image5356.jpg,misc
image5146.jpg,Food
image4276.jpg,Attire
image10417.jpg,Attire
image2757.jpg,Attire
image2621.jpg,Attire
image5395.jpg,Decorationandsignage
image9639.jpg,Decorationandsignage
image1525.jpg,misc
image1915.jpg,misc
image1573.jpg,Food
image9760.jpg,Food
image2175.jpg,Attire
image9436.jpg,Food
image8577.jpg,Decorationandsignage
image8404.jpg,misc
image132.jpg,Food
image1355.jpg,misc
image1103.jpg,Attire
image2856.jpg,Food
image2750.jpg,Decorationandsignage
image7694.jpg,Attire
image2339.jpg,Food
image1496.jpg,Attire
image6379.jpg,Decorationandsignage
image1123.jpg,Food
image8889.jpg,Food
image3926.jpg,Attire
image156.jpg,Attire
image759.jpg,Decorationandsignage
image9242.jpg,Attire
image3945.jpg,Food
image10241.jpg,Attire
image2325.jpg,Food
image6670.jpg,misc
image9987.jpg,Decorationandsignage
image9518.jpg,Food
image3196.jpg,Food
image9557.jpg,Attire
image279.jpg,Attire
image8321.jpg,Food
image9882.jpg,Food
image284.jpg,Food
image7318.jpg,Attire
image3329.jpg,Attire
image1674.jpg,Food
image9493.jpg,misc
image2425.jpg,Food
image10809.jpg,Decorationandsignage
image3326.jpg,Attire
image7860.jpg,Food
image9346.jpg,Food
image9743.jpg,Attire
image6839.jpg,Food
image2544.jpg,Attire
image2753.jpg,Attire
image9064.jpg,Attire
image9858.jpg,misc
image5024.jpg,Food
image5867.jpg,Attire
image9709.jpg,Attire
image4184.jpg,Attire
image3566.jpg,Food
image4475.jpg,Food
image10725.jpg,Decorationandsignage
image7072.jpg,misc
image710.jpg,Attire
image3872.jpg,Attire
image2876.jpg,Food
image6243.jpg,Attire
image2137.jpg,misc
image5877.jpg,Decorationandsignage
image6271.jpg,misc
image9533.jpg,Decorationandsignage
image6230.jpg,Food
image8604.jpg,Food
image5858.jpg,Attire
image3090.jpg,misc
image10314.jpg,Food
image4717.jpg,Food
image6111.jpg,misc
image10324.jpg,Food
image4481.jpg,Food
image9964.jpg,Food
image119.jpg,Attire
image4646.jpg,Food
image4253.jpg,Food
image7959.jpg,Food
image6305.jpg,Food
image528.jpg,Food
image8241.jpg,Attire
image3503.jpg,Decorationandsignage
image8760.jpg,misc
image5592.jpg,Food
image1902.jpg,misc
image10354.jpg,misc
image5648.jpg,Attire
image9836.jpg,Food
image7664.jpg,Food
image5050.jpg,Attire
image2194.jpg,misc
image2989.jpg,Food
image3047.jpg,Decorationandsignage
image6242.jpg,Decorationandsignage
image3245.jpg,Food
image10246.jpg,Attire
image784.jpg,Attire
image2435.jpg,Attire
image8912.jpg,Decorationandsignage
image7663.jpg,Food
image8452.jpg,Food
image2739.jpg,Attire
image5736.jpg,Food
image10133.jpg,Food
image7067.jpg,Food
image8656.jpg,Food
image8059.jpg,Food
image10477.jpg,misc
image3888.jpg,Attire
image8612.jpg,Attire
image4461.jpg,Attire
image7821.jpg,Food
image4231.jpg,Food
image8121.jpg,Decorationandsignage
image6555.jpg,Attire
image5984.jpg,Attire
image6586.jpg,Decorationandsignage
image4955.jpg,misc
image10433.jpg,Food
image2552.jpg,Food
image6352.jpg,Decorationandsignage
image8028.jpg,Food
image6088.jpg,Food
image5299.jpg,Food
image753.jpg,misc
image2440.jpg,Attire
image7137.jpg,Attire
image7064.jpg,Food
image2729.jpg,Food
image7355.jpg,Attire
image5987.jpg,Food
image5392.jpg,Decorationandsignage
image54.jpg,Attire
image3615.jpg,Attire
image4597.jpg,Food
image5279.jpg,Attire
image9006.jpg,Food
image8700.jpg,Food
image1429.jpg,misc
image3272.jpg,Attire
image10031.jpg,Food
image6177.jpg,Food
image4569.jpg,Food
image10755.jpg,Food
image5425.jpg,Attire
image7248.jpg,Food
image8449.jpg,Decorationandsignage
image5026.jpg,Food
image2387.jpg,Food
image8239.jpg,Food
image7793.jpg,Food
image6558.jpg,misc
image8101.jpg,Decorationandsignage
image4252.jpg,Attire
image6285.jpg,Food
image3812.jpg,Attire
image8754.jpg,Decorationandsignage
image10886.jpg,Decorationandsignage
image7624.jpg,Attire
image8108.jpg,Food
image7782.jpg,Food
image5876.jpg,misc
image2610.jpg,Food
image7040.jpg,Food
image4200.jpg,Food
image3144.jpg,misc
image2745.jpg,misc
image5032.jpg,Food
image3216.jpg,Attire
image6738.jpg,misc
image7446.jpg,Food
image5016.jpg,Decorationandsignage
image7604.jpg,Food
image10376.jpg,Food
image5486.jpg,Food
image2024.jpg,Food
image3441.jpg,Decorationandsignage
image2731.jpg,Food
image5424.jpg,Attire
image7368.jpg,Attire
image9829.jpg,Food
image8708.jpg,misc
image6034.jpg,Attire
image7428.jpg,Food
image7751.jpg,Attire
image5729.jpg,Food
image5367.jpg,misc
image8625.jpg,Food
image10825.jpg,misc
image3377.jpg,Food
image4013.jpg,Attire
image8782.jpg,Food
image8551.jpg,Decorationandsignage
image1756.jpg,Food
image4134.jpg,Food
image3277.jpg,Decorationandsignage
image5102.jpg,Food
image6053.jpg,Food
image7889.jpg,misc
image9565.jpg,Food
image896.jpg,Decorationandsignage
image1650.jpg,Attire
image3402.jpg,Food
image1460.jpg,Food
image3168.jpg,misc
image1471.jpg,misc
image1165.jpg,Food
image1917.jpg,Decorationandsignage
image2391.jpg,Food
image8358.jpg,Food
image5331.jpg,misc
image2444.jpg,Food
image9654.jpg,Food
image1855.jpg,Food
image8961.jpg,Attire
image8666.jpg,Food
image7206.jpg,Attire
image5511.jpg,Attire
image10558.jpg,Decorationandsignage
image4848.jpg,Food
image9561.jpg,misc
image10073.jpg,Attire
image5324.jpg,misc
image1498.jpg,Attire
image3471.jpg,Food
image10836.jpg,Food
image995.jpg,misc
image6497.jpg,Attire
image5240.jpg,Food
image6148.jpg,Attire
image9388.jpg,Food
image3600.jpg,Decorationandsignage
image10555.jpg,Attire
image8812.jpg,Attire
image2457.jpg,Decorationandsignage
image7215.jpg,Attire
image5057.jpg,Attire
image2875.jpg,Attire
image1721.jpg,Attire
image6693.jpg,Food
image5355.jpg,Attire
image4640.jpg,Food
image1247.jpg,Food
image4440.jpg,Attire
image4807.jpg,misc
image4692.jpg,misc
image917.jpg,Decorationandsignage
image3835.jpg,misc
image2682.jpg,Food
image1452.jpg,Food
image8299.jpg,Food
image5769.jpg,Attire
image4786.jpg,Attire
image9580.jpg,Decorationandsignage
image171.jpg,Food
image5330.jpg,Food
image6439.jpg,misc
image5140.jpg,Food
image8865.jpg,Decorationandsignage
image7545.jpg,Food
image324.jpg,Food
image1982.jpg,Decorationandsignage
image4043.jpg,Food
image3218.jpg,Decorationandsignage
image7503.jpg,Food
image519.jpg,Decorationandsignage
image4843.jpg,misc
image4362.jpg,Food
image7666.jpg,Food
image9921.jpg,Food
image5077.jpg,misc
image8389.jpg,Food
image5482.jpg,Food
image5266.jpg,Decorationandsignage
image5062.jpg,Decorationandsignage
image3097.jpg,Attire
image1291.jpg,Food
image365.jpg,Food
image4658.jpg,Food
image9153.jpg,Attire
image4468.jpg,Decorationandsignage
image9911.jpg,Food
image7994.jpg,Decorationandsignage
image743.jpg,Attire
image9081.jpg,Attire
image5754.jpg,Decorationandsignage
image6142.jpg,misc
image4751.jpg,Attire
image3335.jpg,Attire
image4063.jpg,Food
image1260.jpg,Food
image3935.jpg,Attire
image7572.jpg,Decorationandsignage
image2964.jpg,Attire
image1768.jpg,misc
image5500.jpg,Food
image4152.jpg,Food
image3094.jpg,misc
image3092.jpg,Food
image10123.jpg,Food
image5350.jpg,Attire
image10645.jpg,Decorationandsignage
image7869.jpg,Food
image808.jpg,Attire
image5959.jpg,Food
image3621.jpg,Attire
image10146.jpg,Attire
image5900.jpg,Food
image1523.jpg,Food
image869.jpg,Decorationandsignage
image953.jpg,Food
image10524.jpg,Food
image10365.jpg,Food
image1874.jpg,Attire
image3025.jpg,Decorationandsignage
image7099.jpg,misc
image2226.jpg,Attire
image10640.jpg,Attire
image6972.jpg,Food
image10521.jpg,Attire
image10670.jpg,Decorationandsignage
image452.jpg,Attire
image10388.jpg,misc
image8251.jpg,Decorationandsignage
image4682.jpg,Food
image7108.jpg,Attire
image9361.jpg,misc
image8763.jpg,Attire
image5641.jpg,Attire
image6968.jpg,Attire
image10624.jpg,misc
image6333.jpg,misc
image2767.jpg,Food
image9524.jpg,Food
image3348.jpg,Food
image572.jpg,misc
image578.jpg,Food
image8731.jpg,Food
image197.jpg,Decorationandsignage
image9291.jpg,Food
image7803.jpg,Attire
image10357.jpg,misc
image866.jpg,Food
image7932.jpg,Food
image6475.jpg,misc
image9708.jpg,Food
image1829.jpg,Attire
image8384.jpg,misc
image6322.jpg,misc
image5073.jpg,Attire
image8828.jpg,Food
image3595.jpg,Food
image6591.jpg,Food
image6033.jpg,misc
image8421.jpg,misc
image10583.jpg,Attire
image6212.jpg,misc
image22.jpg,misc
image8569.jpg,misc
image4712.jpg,misc
image7177.jpg,Attire
image7482.jpg,Attire
image4125.jpg,Food
image85.jpg,Attire
image7801.jpg,Decorationandsignage
image964.jpg,Food
image8213.jpg,Attire
image364.jpg,Food
image4752.jpg,Food
image2951.jpg,Attire
image4373.jpg,Attire
image7383.jpg,Attire
image7133.jpg,Attire
image1692.jpg,Attire
image390.jpg,Food
image5880.jpg,misc
image7509.jpg,Attire
image9391.jpg,Food
image8834.jpg,Food
image1236.jpg,Food
image2292.jpg,Food
image6640.jpg,Food
image7530.jpg,misc
image7685.jpg,Food
image10530.jpg,Attire
image7437.jpg,Attire
image5423.jpg,Attire
image5181.jpg,Food
image7809.jpg,Food
image9278.jpg,Food
image2873.jpg,Decorationandsignage
image7029.jpg,misc
image6010.jpg,misc
image1245.jpg,Decorationandsignage
image3463.jpg,Attire
image7434.jpg,Food
image458.jpg,Food
image9736.jpg,Food
image2982.jpg,Attire
image8600.jpg,Food
image5364.jpg,Food
image7425.jpg,Attire
image1530.jpg,Food
image5150.jpg,Attire
image9501.jpg,Food
image6038.jpg,Attire
image403.jpg,Food
image1035.jpg,misc
image7410.jpg,Food
image505.jpg,Attire
image9889.jpg,Food
image10145.jpg,Decorationandsignage
image10749.jpg,Decorationandsignage
image549.jpg,Decorationandsignage
image3724.jpg,Attire
image1248.jpg,Attire
image5596.jpg,Food
image4902.jpg,Food
image7296.jpg,Decorationandsignage
image329.jpg,misc
image7125.jpg,Food
image4250.jpg,misc
image9683.jpg,Attire
image802.jpg,misc
image2773.jpg,Attire
image7699.jpg,Attire
image3537.jpg,Decorationandsignage
image2337.jpg,misc
image4639.jpg,Food
image6617.jpg,Attire
image10770.jpg,Attire
image9403.jpg,Attire
image8579.jpg,misc
image4311.jpg,Food
image4480.jpg,Attire
image7188.jpg,Food
image10737.jpg,Decorationandsignage
image1954.jpg,Attire
image10760.jpg,Food
image9801.jpg,Attire
image6608.jpg,Decorationandsignage
image3862.jpg,Food
image6286.jpg,misc
image3248.jpg,Attire
image8766.jpg,misc
image1897.jpg,Food
image2520.jpg,Attire
image6207.jpg,Food
image3122.jpg,misc
image10517.jpg,Food
image8660.jpg,Attire
image1695.jpg,Attire
image5621.jpg,Food
image8276.jpg,Attire
image503.jpg,Food
image6071.jpg,Attire
image3608.jpg,misc
image6733.jpg,Food
image3634.jpg,Food
image8690.jpg,Food
image5691.jpg,Attire
image2041.jpg,Attire
image4234.jpg,Attire
image2608.jpg,Attire
image9010.jpg,Attire
image6065.jpg,Attire
image9788.jpg,Decorationandsignage
image5242.jpg,misc
image8794.jpg,Decorationandsignage
image8339.jpg,Food
image6943.jpg,Food
image4775.jpg,Food
image9418.jpg,misc
image5638.jpg,Attire
image8664.jpg,Food
image10014.jpg,Food
image2467.jpg,Food
image9772.jpg,Decorationandsignage
image5737.jpg,Attire
image484.jpg,Attire
image4650.jpg,Attire
image3480.jpg,Food
image8177.jpg,Attire
image10099.jpg,Decorationandsignage
image10294.jpg,Food
image740.jpg,Decorationandsignage
image7068.jpg,misc
image1964.jpg,Decorationandsignage
image9240.jpg,Food
image4607.jpg,Decorationandsignage
image8894.jpg,misc
image1075.jpg,Attire
image2038.jpg,Attire
image2690.jpg,misc
image9191.jpg,Food
image2107.jpg,Decorationandsignage
image2233.jpg,Attire
image6390.jpg,Food
image1361.jpg,Decorationandsignage
image6979.jpg,misc
image9492.jpg,Food
image347.jpg,misc
image4268.jpg,Attire
image2284.jpg,Food
image10625.jpg,Food
image563.jpg,Attire
image1927.jpg,Food
image6666.jpg,Decorationandsignage
image2039.jpg,Attire
image9234.jpg,Food
image9236.jpg,Food
image9678.jpg,Decorationandsignage
image10804.jpg,Attire
image4325.jpg,Attire
image5728.jpg,misc
image2894.jpg,Attire
image4791.jpg,Food
image5730.jpg,Attire
image8087.jpg,Food
image1857.jpg,Attire
image5451.jpg,Food
image4557.jpg,Attire
image6613.jpg,Food
image8682.jpg,Decorationandsignage
image386.jpg,Attire
image9523.jpg,Food
image723.jpg,Attire
image9897.jpg,misc
image3975.jpg,misc
image8784.jpg,misc
image10451.jpg,misc
image2064.jpg,Attire
image2330.jpg,Food
image2833.jpg,misc
image7805.jpg,misc
image1602.jpg,Food
image451.jpg,Attire
image9408.jpg,Food
image895.jpg,Decorationandsignage
image107.jpg,Decorationandsignage
image4697.jpg,Decorationandsignage
image5472.jpg,Food
image8765.jpg,Attire
image10469.jpg,Decorationandsignage
image1362.jpg,Decorationandsignage
image4476.jpg,misc
image1036.jpg,Food
image10484.jpg,Attire
image176.jpg,Attire
image5827.jpg,Decorationandsignage
image4939.jpg,Food
image3813.jpg,misc
image7218.jpg,Decorationandsignage
image6000.jpg,misc
image4442.jpg,Food
image9121.jpg,Food
image8789.jpg,Food
image8363.jpg,Food
image10420.jpg,misc
image7241.jpg,Decorationandsignage
image6556.jpg,misc
image4913.jpg,Food
image9780.jpg,Food
image10455.jpg,Food
image2653.jpg,misc
image861.jpg,Food
image9659.jpg,misc
image5546.jpg,Attire
image7220.jpg,Decorationandsignage
image4211.jpg,Attire
image796.jpg,Food
image5327.jpg,Food
image9975.jpg,Food
image7013.jpg,misc
image7295.jpg,Attire
image8201.jpg,Food
image8264.jpg,misc
image5538.jpg,Food
image5173.jpg,Attire
image6125.jpg,Attire
image6864.jpg,misc
image6596.jpg,Food
image649.jpg,Food
image8528.jpg,Food
image712.jpg,Attire
image272.jpg,Attire
image1492.jpg,Food
image7957.jpg,misc
image6410.jpg,Food
image2730.jpg,Food
image1985.jpg,Food
image5555.jpg,Attire
image2956.jpg,Attire
image303.jpg,misc
image4186.jpg,Attire
image2338.jpg,Food
image2053.jpg,Food
image4002.jpg,Decorationandsignage
image1906.jpg,Attire
image9612.jpg,Food
image6200.jpg,Food
image10409.jpg,misc
image1591.jpg,Food
image6619.jpg,Food
image8144.jpg,Food
image4628.jpg,Food
image4903.jpg,Decorationandsignage
image5275.jpg,Food
image4886.jpg,Food
image4736.jpg,Decorationandsignage
image7873.jpg,misc
image8379.jpg,Attire
image1118.jpg,Attire
image252.jpg,misc
image7709.jpg,Attire
image10789.jpg,Food
image1039.jpg,Food
image5130.jpg,Food
image10832.jpg,misc
image10238.jpg,Attire
image8024.jpg,Food
image7872.jpg,Food
image6530.jpg,Attire
image2919.jpg,Food
image968.jpg,Food
image3082.jpg,Food
image7537.jpg,Attire
image8652.jpg,misc
image8610.jpg,Attire
image3951.jpg,Attire
image9349.jpg,Food
image8362.jpg,Attire
image6925.jpg,Decorationandsignage
image6528.jpg,Food
image7326.jpg,Food
image6191.jpg,Attire
image7944.jpg,misc
image9748.jpg,Attire
image2317.jpg,Food
image1696.jpg,Food
image3032.jpg,Food
image393.jpg,Food
image571.jpg,Food
image2960.jpg,Attire
image10411.jpg,Food
image7606.jpg,Attire
image3056.jpg,Attire
image339.jpg,Decorationandsignage
image2815.jpg,Food
image4207.jpg,Decorationandsignage
image10695.jpg,Decorationandsignage
image6156.jpg,Food
image8629.jpg,misc
image3357.jpg,Attire
image8622.jpg,Food
image8838.jpg,Decorationandsignage
image1731.jpg,Food
image3352.jpg,misc
image8473.jpg,misc
image10539.jpg,misc
image9915.jpg,Attire
image2504.jpg,Food
image8818.jpg,Attire
image4677.jpg,Food
image6880.jpg,Food
image9587.jpg,Attire
image6706.jpg,Attire
image9664.jpg,Food
image6124.jpg,misc
image244.jpg,misc
image6698.jpg,Food
image239.jpg,Attire
image2134.jpg,Attire
image8800.jpg,Decorationandsignage
image4680.jpg,Decorationandsignage
image3500.jpg,Attire
image7505.jpg,Food
image6762.jpg,Food
image7141.jpg,Food
image2634.jpg,Attire
image3289.jpg,Food
image4259.jpg,Food
image5541.jpg,misc
image4355.jpg,Attire
image3233.jpg,misc
image6684.jpg,Decorationandsignage
image7110.jpg,Food
image2518.jpg,misc
image10178.jpg,Decorationandsignage
image7015.jpg,Food
image8692.jpg,Food
image2109.jpg,misc
image5107.jpg,Attire
image5813.jpg,Attire
image10756.jpg,misc
image10169.jpg,misc
image2280.jpg,Decorationandsignage
image9849.jpg,Food
image6075.jpg,Decorationandsignage
image7620.jpg,Attire
image10876.jpg,misc
image9701.jpg,Attire
image2597.jpg,Food
image5797.jpg,Food
image2619.jpg,Attire
image143.jpg,misc
image4811.jpg,Attire
image9789.jpg,Attire
image10747.jpg,misc
image9098.jpg,Food
image9145.jpg,Food
image2640.jpg,Food
image2665.jpg,Decorationandsignage
image2035.jpg,Decorationandsignage
image1052.jpg,misc
image803.jpg,Attire
image4970.jpg,Food
image6522.jpg,Food
image8855.jpg,Food
image8193.jpg,Food
image2601.jpg,Food
image8678.jpg,misc
image10607.jpg,Food
image10200.jpg,Attire
image1430.jpg,misc
image4147.jpg,Food
image9190.jpg,Food
image514.jpg,Food
image1978.jpg,misc
image1077.jpg,Food
image7934.jpg,Food
image8867.jpg,Attire
image4448.jpg,Attire
image9049.jpg,misc
image10394.jpg,Attire
image1766.jpg,Food
image5149.jpg,Attire
image568.jpg,misc
image5236.jpg,Food
image3194.jpg,Food
image5481.jpg,Attire
image8864.jpg,Attire
image4766.jpg,Food
image2850.jpg,Food
image7048.jpg,Decorationandsignage
image10697.jpg,Food
image2910.jpg,misc
image8740.jpg,Decorationandsignage
image9482.jpg,Food
image10721.jpg,Food
image9869.jpg,Decorationandsignage
image6782.jpg,Food
image4802.jpg,Attire
image4057.jpg,Food
image226.jpg,Attire
image4284.jpg,Food
image7352.jpg,Food
image6246.jpg,Attire
image9712.jpg,misc
image10010.jpg,Attire
image3511.jpg,Food
image8981.jpg,misc
image5433.jpg,Decorationandsignage
image3653.jpg,Food
image6807.jpg,Attire
image5706.jpg,Decorationandsignage
image4293.jpg,Attire
image10319.jpg,Decorationandsignage
image7499.jpg,Food
image8086.jpg,Food
image1082.jpg,Food
image5095.jpg,Food
image9824.jpg,Attire
image7951.jpg,Food
image3889.jpg,misc
image7535.jpg,Food
image9481.jpg,Food
image8506.jpg,Attire
image4749.jpg,Food
image8544.jpg,Food
image6977.jpg,Attire
image6182.jpg,Decorationandsignage
image4804.jpg,Food
image3001.jpg,Attire
image10780.jpg,Decorationandsignage
image3544.jpg,Food
image9989.jpg,Attire
image9879.jpg,Food
image6579.jpg,Food
image3762.jpg,Food
image5645.jpg,Decorationandsignage
image3689.jpg,Food
image4590.jpg,misc
image7163.jpg,Food
image4821.jpg,Food
image7940.jpg,Food
image9432.jpg,misc
image8199.jpg,Decorationandsignage
image8587.jpg,Decorationandsignage
image561.jpg,Food
image5835.jpg,Food
image2297.jpg,misc
image10024.jpg,Food
image3423.jpg,Attire
image10103.jpg,Food
image8333.jpg,Attire
image8947.jpg,Food
image4225.jpg,Food
image9462.jpg,Food
image1410.jpg,Decorationandsignage
image4917.jpg,Decorationandsignage
image2777.jpg,Attire
image4968.jpg,misc
image9547.jpg,Attire
image7967.jpg,Food
image10520.jpg,Attire
image10650.jpg,Food
image9696.jpg,Decorationandsignage
image3448.jpg,Food
image3142.jpg,Decorationandsignage
image10081.jpg,Food
image9936.jpg,Food
image6575.jpg,Food
image600.jpg,Food
image1938.jpg,Attire
image9782.jpg,misc
image2085.jpg,Decorationandsignage
image10076.jpg,Food
image6743.jpg,Food
image3280.jpg,Attire
image2111.jpg,Decorationandsignage
image1370.jpg,Food
image9864.jpg,Food
image1654.jpg,Decorationandsignage
image819.jpg,Attire
image6758.jpg,Attire
image5565.jpg,Food
image8941.jpg,Food
image10062.jpg,Food
image1312.jpg,misc
image4054.jpg,Decorationandsignage
image8485.jpg,Food
image5404.jpg,Attire
image6863.jpg,Attire
image5448.jpg,Food
image10421.jpg,Food
image4767.jpg,Decorationandsignage
image6218.jpg,Decorationandsignage
image5970.jpg,Attire
image6907.jpg,Attire
image4331.jpg,Attire
image4724.jpg,Attire
image10037.jpg,Attire
image8513.jpg,misc
image10427.jpg,Attire
image5630.jpg,Attire
image355.jpg,Decorationandsignage
image2400.jpg,Food
image5283.jpg,Food
image5377.jpg,Food
image3745.jpg,misc
image9998.jpg,Attire
image905.jpg,Attire
image9261.jpg,Food
image545.jpg,Food
image9853.jpg,Decorationandsignage
image4585.jpg,Food
image9688.jpg,Food
image3680.jpg,Decorationandsignage
image8826.jpg,Attire
image3883.jpg,Food
image1562.jpg,Food
image3728.jpg,Food
image10552.jpg,misc
image9562.jpg,Food
image4018.jpg,Attire
image9244.jpg,Decorationandsignage
image5659.jpg,Attire
image10094.jpg,Attire
image7693.jpg,Decorationandsignage
image6636.jpg,Decorationandsignage
image5274.jpg,Attire
image9362.jpg,Attire
image4199.jpg,Food
image513.jpg,Food
image148.jpg,Attire
image7548.jpg,misc
image8780.jpg,Decorationandsignage
image9089.jpg,Food
image1778.jpg,Food
image884.jpg,Food
image5637.jpg,Food
image153.jpg,Decorationandsignage
image5411.jpg,Decorationandsignage
image9347.jpg,misc
image9422.jpg,Attire
image2511.jpg,Decorationandsignage
image5111.jpg,Food
image10694.jpg,Food
image848.jpg,Attire
image5101.jpg,Food
image4038.jpg,misc
image5682.jpg,Food
image4897.jpg,misc
image4302.jpg,Attire
image4625.jpg,Food
image4547.jpg,Food
image6491.jpg,misc
image1588.jpg,Food
image5250.jpg,Food
image3367.jpg,Decorationandsignage
image9407.jpg,misc
image6526.jpg,Food
image10586.jpg,misc
image3387.jpg,Decorationandsignage
image1342.jpg,Attire
image7182.jpg,Attire
image6419.jpg,Food
image7228.jpg,misc
image1120.jpg,misc
image10659.jpg,Food
image4718.jpg,Attire
image2276.jpg,Food
image8245.jpg,Food
image9429.jpg,Food
image9551.jpg,Food
image3765.jpg,Food
image7193.jpg,Attire
image7097.jpg,misc
image518.jpg,Food
image7868.jpg,Food
image9783.jpg,Attire
image3328.jpg,Attire
image8242.jpg,Food
image8885.jpg,Attire
image9061.jpg,Food
image7247.jpg,Food
image5527.jpg,misc
image7879.jpg,Food
image8311.jpg,Food
image3109.jpg,misc
image10159.jpg,misc
image2049.jpg,Food
image1121.jpg,misc
image5310.jpg,misc
image3127.jpg,Decorationandsignage
image1752.jpg,misc
image4546.jpg,Food
image1871.jpg,Food
image1618.jpg,misc
image9575.jpg,Food
image926.jpg,Decorationandsignage
image7117.jpg,misc
image3398.jpg,misc
image5170.jpg,Attire
image8601.jpg,Attire
image4890.jpg,Attire
image6614.jpg,misc
image5832.jpg,misc
image6056.jpg,Food
image6766.jpg,misc
image7485.jpg,Food
image5398.jpg,Food
image6245.jpg,Food
image5590.jpg,misc
image9165.jpg,misc
image7924.jpg,misc
image1662.jpg,Food
image10682.jpg,Attire
image10671.jpg,Food
image9107.jpg,Food
image9299.jpg,Attire
image7460.jpg,Food
image3425.jpg,misc
image6175.jpg,Attire
image3726.jpg,Food
image8217.jpg,Decorationandsignage
image2666.jpg,Food
image846.jpg,Decorationandsignage
image8901.jpg,misc
image6981.jpg,Food
image7523.jpg,Attire
image6465.jpg,misc
image4957.jpg,Food
image8167.jpg,Decorationandsignage
image6855.jpg,misc
image3561.jpg,Decorationandsignage
image9004.jpg,Food
image5537.jpg,Decorationandsignage
image7825.jpg,Attire
image6347.jpg,misc
image4914.jpg,Food
image5539.jpg,Food
image7445.jpg,Food
image4654.jpg,Decorationandsignage
image3136.jpg,Attire
image4303.jpg,Attire
image2633.jpg,Food
image3057.jpg,Food
image280.jpg,Decorationandsignage
image7995.jpg,Attire
image7317.jpg,Food
image8751.jpg,Attire
image4819.jpg,Attire
image4532.jpg,Food
image7096.jpg,Food
image5421.jpg,Food
image6691.jpg,misc
image1432.jpg,misc
image9509.jpg,Attire
image7987.jpg,Attire
image2857.jpg,Decorationandsignage
image10845.jpg,misc
image3948.jpg,Food
image5143.jpg,Food
image8192.jpg,Attire
image7965.jpg,Decorationandsignage
image5477.jpg,Attire
image10064.jpg,Attire
image9866.jpg,misc
image7400.jpg,Food
image6646.jpg,Food
image8058.jpg,Decorationandsignage
image5949.jpg,misc
image8843.jpg,Attire
image1203.jpg,Food
image5468.jpg,Food
image10072.jpg,Attire
image4169.jpg,misc
image4782.jpg,Food
image1137.jpg,Decorationandsignage
image4452.jpg,Food
image9589.jpg,Attire
image8952.jpg,Food
image6869.jpg,Attire
image1059.jpg,Decorationandsignage
image6929.jpg,Decorationandsignage
image7939.jpg,Decorationandsignage
image7478.jpg,Attire
image6163.jpg,Food
image6224.jpg,Food
image3058.jpg,Attire
image9920.jpg,Attire
image2823.jpg,Food
image8094.jpg,Food
image2428.jpg,Food
image5270.jpg,Food
image9619.jpg,Decorationandsignage
image5773.jpg,misc
image6130.jpg,Food
image797.jpg,misc
image8030.jpg,Attire
image8613.jpg,Attire
image1333.jpg,Food
image8650.jpg,Attire
image1549.jpg,misc
image6992.jpg,Food
image5476.jpg,Attire
image9542.jpg,Attire
image7178.jpg,Attire
image2352.jpg,Food
image10250.jpg,Food
image9769.jpg,Attire
image4931.jpg,Food
image548.jpg,Food
image8419.jpg,Food
image5839.jpg,Food
image7506.jpg,Food
image3616.jpg,Attire
image40.jpg,Food
image6278.jpg,Food
image7732.jpg,Decorationandsignage
image10436.jpg,misc
image8965.jpg,Food
image6187.jpg,Food
image5493.jpg,Decorationandsignage
image5316.jpg,Food
image1027.jpg,misc
image1478.jpg,Attire
image4156.jpg,misc
image2423.jpg,Food
image9705.jpg,Attire
image5435.jpg,Food
image2510.jpg,Attire
image5944.jpg,Attire
image5632.jpg,Attire
image7808.jpg,Food
image7275.jpg,Food
image8291.jpg,Food
image5044.jpg,Decorationandsignage
image10340.jpg,Food
image9344.jpg,Attire
image5783.jpg,misc
image7942.jpg,Food
image2497.jpg,Decorationandsignage
image6193.jpg,Food
image5842.jpg,Food
image9945.jpg,misc
image1198.jpg,Attire
image8998.jpg,Food
image2747.jpg,Decorationandsignage
image367.jpg,Food
image1092.jpg,misc
image1058.jpg,misc
image2142.jpg,Food
image3349.jpg,misc
image6353.jpg,misc
image10872.jpg,Food
image7118.jpg,Attire
image3783.jpg,misc
image6784.jpg,Attire
image10222.jpg,Food
image76.jpg,Food
image9719.jpg,Attire
image9604.jpg,Food
image2736.jpg,Food
image5770.jpg,Attire
image7334.jpg,misc
image3440.jpg,Food
image2524.jpg,Food
image5038.jpg,Decorationandsignage
image2281.jpg,Food
image9123.jpg,Attire
image9319.jpg,Food
image10079.jpg,Attire
image9258.jpg,Attire
image5445.jpg,Food
image2386.jpg,Attire
image6891.jpg,Attire
image6920.jpg,Food
image1491.jpg,Food
image7599.jpg,Food
image9467.jpg,misc
image9792.jpg,Attire
image7519.jpg,Food
image6202.jpg,Food
image7895.jpg,Attire
image8714.jpg,misc
image7616.jpg,Decorationandsignage
image1969.jpg,Food
image1958.jpg,Attire
image10350.jpg,Attire
image4068.jpg,Food
image5215.jpg,Decorationandsignage
image10452.jpg,Food
image7740.jpg,Attire
image1539.jpg,Food
image9283.jpg,Decorationandsignage
image7474.jpg,Food
image10740.jpg,Food
image5577.jpg,Food
image457.jpg,Food
image10519.jpg,Food
image8279.jpg,Food
image2914.jpg,Food
image1202.jpg,Attire
image2343.jpg,Food
image5579.jpg,Attire
image10510.jpg,misc
image9175.jpg,Decorationandsignage
image7252.jpg,Attire
image4884.jpg,Attire
image5439.jpg,Attire
image9749.jpg,misc
image9066.jpg,Food
image4034.jpg,misc
image5595.jpg,Food
image3409.jpg,Attire
image689.jpg,Attire
image10846.jpg,Decorationandsignage
image5673.jpg,Attire
image3023.jpg,Attire
image5475.jpg,Decorationandsignage
image9221.jpg,Food
image7753.jpg,misc
image6359.jpg,misc
image6153.jpg,Decorationandsignage
image6236.jpg,Decorationandsignage
image6120.jpg,Food
image8638.jpg,Attire
image9465.jpg,misc
image8164.jpg,misc
image7412.jpg,misc
image10050.jpg,Attire
image4867.jpg,Decorationandsignage
image4332.jpg,Food
image8775.jpg,Decorationandsignage
image3239.jpg,Attire
image209.jpg,Food
image1869.jpg,misc
image10065.jpg,Food
image6267.jpg,misc
image10867.jpg,Food
image6489.jpg,Attire
image10731.jpg,Attire
image5019.jpg,misc
image6690.jpg,Attire
image682.jpg,Decorationandsignage
image5861.jpg,misc
image8603.jpg,Food
image1597.jpg,misc
image3978.jpg,misc
image1924.jpg,Decorationandsignage
image9118.jpg,misc
image9280.jpg,Food
image4866.jpg,Food
image323.jpg,Decorationandsignage
image455.jpg,Food
image3554.jpg,Attire
image3839.jpg,Food
image10206.jpg,Attire
image9273.jpg,Attire
image3691.jpg,Attire
image2977.jpg,Food
image9951.jpg,Food
image8077.jpg,Attire
image6074.jpg,Food
image761.jpg,Attire
image3925.jpg,Food
image7289.jpg,Food
image108.jpg,Attire
image6105.jpg,Attire
image3096.jpg,Attire
image7086.jpg,Attire
image7264.jpg,Attire
image3666.jpg,Attire
image7539.jpg,Attire
image126.jpg,Food
image10827.jpg,Food
image6692.jpg,Food
image3124.jpg,misc
image9260.jpg,Attire
image2708.jpg,Food
image7865.jpg,Decorationandsignage
image6962.jpg,misc
image9970.jpg,misc
image7157.jpg,Food
image9442.jpg,Food
image2130.jpg,Attire
image8480.jpg,Attire
image8328.jpg,Decorationandsignage
image5772.jpg,Attire
image10568.jpg,Food
image4363.jpg,Attire
image3829.jpg,Food
image5838.jpg,Decorationandsignage
image2422.jpg,Attire
image8386.jpg,misc
image9811.jpg,Attire
image6969.jpg,Food
image8673.jpg,misc
image9806.jpg,Food
image6378.jpg,Food
image8224.jpg,Food
image6789.jpg,Food
image4770.jpg,Decorationandsignage
image9269.jpg,Attire
image8183.jpg,Decorationandsignage
image2475.jpg,Decorationandsignage
image1642.jpg,Food
image7399.jpg,Attire
image7920.jpg,Attire
image1797.jpg,Attire
image6428.jpg,Decorationandsignage
image2430.jpg,Food
image10418.jpg,Food
image6407.jpg,Decorationandsignage
image5674.jpg,Food
image2221.jpg,misc
image2146.jpg,Attire
image750.jpg,Decorationandsignage
image4678.jpg,misc
image5030.jpg,Food
image9120.jpg,Food
image4008.jpg,Food
image2237.jpg,Decorationandsignage
image7405.jpg,Food
image10278.jpg,Food
image7529.jpg,Food
image1022.jpg,Food
image8233.jpg,Decorationandsignage
image6257.jpg,misc
image6793.jpg,Attire
image4056.jpg,Food
image4263.jpg,Food
image8107.jpg,Food
image878.jpg,Decorationandsignage
image7160.jpg,Decorationandsignage
image10653.jpg,Food
image1232.jpg,Attire
image3896.jpg,Food
image9881.jpg,Food
image8715.jpg,Attire
image1465.jpg,Food
image4837.jpg,Attire
image9060.jpg,misc
image7498.jpg,Attire
image1609.jpg,misc
image7845.jpg,misc
image10648.jpg,Food
image2442.jpg,Food
image7304.jpg,Attire
image3579.jpg,Attire
image3625.jpg,Decorationandsignage
image2867.jpg,Food
image9140.jpg,Food
image9885.jpg,Attire
image7024.jpg,Food
image7929.jpg,misc
image9219.jpg,Food
image10236.jpg,Decorationandsignage
image8497.jpg,Food
image10764.jpg,misc
image892.jpg,misc
image3591.jpg,Attire
image1558.jpg,Attire
image1948.jpg,Decorationandsignage
image2253.jpg,Attire
image6744.jpg,Food
image100.jpg,Attire
image6179.jpg,Decorationandsignage
image4503.jpg,Food
image4519.jpg,Food
image8725.jpg,Food
image10468.jpg,Decorationandsignage
image2984.jpg,Attire
image9686.jpg,Food
image10743.jpg,Attire
image3870.jpg,Decorationandsignage
image4173.jpg,Food
image9765.jpg,Food
image2493.jpg,Food
image3575.jpg,Attire
image10093.jpg,Decorationandsignage
image4127.jpg,Decorationandsignage
image2806.jpg,misc
image1644.jpg,Food
image2432.jpg,Attire
image6449.jpg,Food
image2566.jpg,Attire
image9828.jpg,misc
image2953.jpg,Attire
image7256.jpg,Attire
image10406.jpg,misc
image6050.jpg,misc
image871.jpg,Attire
image6543.jpg,Food
image4977.jpg,misc
image7456.jpg,misc
image10591.jpg,Food
image6160.jpg,Food
image7339.jpg,misc
image4421.jpg,Attire
image3501.jpg,Food
image2165.jpg,misc
image10397.jpg,Attire
image1108.jpg,Attire
image4160.jpg,Attire
image9341.jpg,Attire
image9577.jpg,Attire
image3256.jpg,Attire
image3642.jpg,Food
image9617.jpg,Decorationandsignage
image6094.jpg,Food
image2650.jpg,Decorationandsignage
image5048.jpg,misc
image10028.jpg,misc
image7414.jpg,misc
image2207.jpg,Food
image1730.jpg,Attire
image9437.jpg,Food
image7328.jpg,Attire
image818.jpg,Decorationandsignage
image8930.jpg,Decorationandsignage
image10744.jpg,Food
image2838.jpg,Food
image1477.jpg,misc
image4237.jpg,Food
image5733.jpg,Attire
image5520.jpg,Food
image6482.jpg,Food
image10634.jpg,Food
image8653.jpg,misc
image5677.jpg,misc
image9037.jpg,misc
image4549.jpg,misc
image7576.jpg,Food
image3777.jpg,Attire
image1960.jpg,Decorationandsignage
image2934.jpg,Decorationandsignage
image6021.jpg,Food
image4446.jpg,misc
image7989.jpg,Decorationandsignage
image7130.jpg,Food
image6654.jpg,Attire
image2891.jpg,Food
image5227.jpg,Food
image3570.jpg,Decorationandsignage
image10837.jpg,Attire
image1804.jpg,Food
image3198.jpg,Food
image4827.jpg,Decorationandsignage
image9183.jpg,Food
image7730.jpg,Attire
image5045.jpg,misc
image3021.jpg,Food
image9876.jpg,Attire
image9097.jpg,Food
image7098.jpg,Food
image1534.jpg,misc
image7569.jpg,misc
image10718.jpg,Food
image6260.jpg,Food
image5470.jpg,Food
image6081.jpg,Food
image375.jpg,Food
image9259.jpg,Food
image462.jpg,Food
image6631.jpg,misc
image1056.jpg,Food
image5152.jpg,Decorationandsignage
image3019.jpg,misc
image3442.jpg,misc
image2242.jpg,Attire
image5177.jpg,Food
image2846.jpg,misc
image3299.jpg,Decorationandsignage
image1325.jpg,Attire
image5008.jpg,misc
image8115.jpg,Food
image480.jpg,Food
image2639.jpg,Decorationandsignage
image845.jpg,Food
image7371.jpg,Food
image6830.jpg,Food
image1054.jpg,Food
image9670.jpg,Attire
image3183.jpg,Food
image2145.jpg,Attire
image9724.jpg,Food
image5705.jpg,Food
image1783.jpg,Food
image2045.jpg,misc
image5357.jpg,Attire
image4854.jpg,Food
image662.jpg,Attire
image9177.jpg,Food
image9453.jpg,Attire
image8175.jpg,Attire
image6734.jpg,Food
image10570.jpg,misc
image3527.jpg,Decorationandsignage
image6854.jpg,Food
image10486.jpg,Food
image1072.jpg,misc
image6122.jpg,Food
image2278.jpg,Food
image10736.jpg,Attire
image8935.jpg,misc
image1207.jpg,Attire
image8373.jpg,misc
image9420.jpg,Attire
image1050.jpg,Attire
image10691.jpg,Food
image8327.jpg,Attire
image2751.jpg,Attire
image8347.jpg,Food
image5264.jpg,Attire
image9454.jpg,Decorationandsignage
image8312.jpg,Food
image3427.jpg,Attire
image9767.jpg,Food
image9350.jpg,Decorationandsignage
image1569.jpg,Food
image5112.jpg,Attire
image5427.jpg,Food
image10183.jpg,misc
image7714.jpg,Attire
image2570.jpg,Food
image7795.jpg,Attire
image7667.jpg,Decorationandsignage
image502.jpg,Decorationandsignage
image4222.jpg,Decorationandsignage
image1306.jpg,Decorationandsignage
image3550.jpg,Decorationandsignage
image7827.jpg,Food
image1486.jpg,Decorationandsignage
image215.jpg,Food
image4128.jpg,misc
image2354.jpg,Attire
image6422.jpg,Attire
image9793.jpg,Food
image2659.jpg,Food
image1546.jpg,Decorationandsignage
image8733.jpg,Food
image1468.jpg,misc
image6517.jpg,Food
image9786.jpg,Food
image7659.jpg,misc
image705.jpg,Decorationandsignage
image3994.jpg,misc
image1235.jpg,Food
image8417.jpg,Food
image9553.jpg,Food
image1544.jpg,Attire
image7081.jpg,Decorationandsignage
image7856.jpg,Decorationandsignage
image1840.jpg,Food
image10884.jpg,Food
image7375.jpg,Food
image7559.jpg,Food
image154.jpg,Attire
image6070.jpg,Decorationandsignage
image373.jpg,Food
image7034.jpg,misc
image10643.jpg,Decorationandsignage
image1926.jpg,Attire
image8427.jpg,Food
image5234.jpg,Food
image6512.jpg,Attire
image109.jpg,Food
image923.jpg,Attire
image5455.jpg,Attire
image7512.jpg,Food
image4101.jpg,Food
image10858.jpg,Food
image5156.jpg,Attire
image7217.jpg,Food
image4911.jpg,Food
image7734.jpg,Food
image3278.jpg,Food
image6432.jpg,Food
image10366.jpg,Food
image6019.jpg,Attire
image10444.jpg,Food
image3085.jpg,Attire
image5347.jpg,Food
image1220.jpg,Attire
image5420.jpg,Food
image1791.jpg,Decorationandsignage
image4456.jpg,Food
image7105.jpg,Attire
image1691.jpg,Attire
image2217.jpg,Food
image5906.jpg,misc
image10242.jpg,Food
image5124.jpg,misc
image9746.jpg,Attire
image5335.jpg,Decorationandsignage
image3143.jpg,misc
image8232.jpg,Food
image824.jpg,Food
image6083.jpg,Food
image511.jpg,Food
image7601.jpg,Food
image6912.jpg,Food
image5583.jpg,Attire
image9884.jpg,Attire
image9647.jpg,misc
image5857.jpg,Attire
image1391.jpg,Attire
image10746.jpg,misc
image7403.jpg,Food
image424.jpg,Food
image9977.jpg,misc
image1718.jpg,misc
image6039.jpg,Decorationandsignage
image9675.jpg,Attire
image141.jpg,Attire
image2179.jpg,Food
image7862.jpg,Food
image9753.jpg,Decorationandsignage
image7041.jpg,Decorationandsignage
image1377.jpg,Decorationandsignage
image4376.jpg,Food
image8948.jpg,Food
image7850.jpg,Food
image3250.jpg,Food
image6566.jpg,Food
image3814.jpg,Attire
image7362.jpg,Food
image7268.jpg,Food
image6487.jpg,misc
image10429.jpg,Attire
image2465.jpg,Decorationandsignage
image1886.jpg,Food
image10664.jpg,Food
image82.jpg,Food
image7841.jpg,misc
image4392.jpg,Attire
image4205.jpg,Attire
image5932.jpg,Attire
image6367.jpg,Food
image5734.jpg,Attire
image1570.jpg,Decorationandsignage
image1240.jpg,Decorationandsignage
image336.jpg,Food
image6272.jpg,Food
image1822.jpg,Food
image10367.jpg,Attire
image2320.jpg,Attire
image4510.jpg,Attire
image4665.jpg,Food
image1243.jpg,Food
image8727.jpg,Food
image7195.jpg,Food
image6097.jpg,misc
image9700.jpg,Food
image5389.jpg,Food
image7442.jpg,Decorationandsignage
image1594.jpg,Food
image3271.jpg,Attire
image6697.jpg,Attire
image8381.jpg,Food
image9867.jpg,Attire
image10084.jpg,Food
image10379.jpg,Food
image9163.jpg,Food
image9109.jpg,misc
image7129.jpg,misc
image1773.jpg,Food
image4506.jpg,Decorationandsignage
image8921.jpg,Decorationandsignage
image2058.jpg,Attire
image9774.jpg,Attire
image6399.jpg,Attire
image1426.jpg,Attire
image9411.jpg,Food
image2091.jpg,misc
image6201.jpg,Food
image8032.jpg,Decorationandsignage
image8178.jpg,misc
image1503.jpg,Decorationandsignage
image4151.jpg,Food
image8910.jpg,Attire
image5097.jpg,misc
image3026.jpg,Attire
image5605.jpg,Attire
image7421.jpg,Food
image8824.jpg,misc
image2548.jpg,Decorationandsignage
image8599.jpg,Attire
image4274.jpg,Attire
image2441.jpg,misc
image7742.jpg,Food
image552.jpg,Attire
image10481.jpg,Attire
image8049.jpg,Attire
image8951.jpg,Food
image580.jpg,Attire
image5244.jpg,Food
image7495.jpg,misc
image4756.jpg,Food
image5226.jpg,Food
image6822.jpg,Food
image2627.jpg,Decorationandsignage
image6809.jpg,Decorationandsignage
image8710.jpg,Decorationandsignage
image4315.jpg,Attire
image7765.jpg,Food
image7457.jpg,misc
image10541.jpg,Food
image8282.jpg,Decorationandsignage
image8728.jpg,Food
image5732.jpg,Food
image2256.jpg,Attire
image6998.jpg,Attire
image5741.jpg,Food
image6288.jpg,misc
image8968.jpg,Food
image8619.jpg,Attire
image8462.jpg,Food
image7588.jpg,Food
image3648.jpg,Decorationandsignage
image4769.jpg,Attire
image114.jpg,Food
image9020.jpg,misc
image294.jpg,Attire
image3368.jpg,Food
image9594.jpg,misc
image10182.jpg,Food
image10261.jpg,misc
image10158.jpg,Food
image10008.jpg,misc
image3005.jpg,Food
image5542.jpg,Attire
image9025.jpg,Food
image459.jpg,Attire
image5188.jpg,Attire
image6581.jpg,Food
image7417.jpg,Food
image218.jpg,Attire
image8538.jpg,Attire
image1767.jpg,Food
image4838.jpg,Food
image2133.jpg,misc
image5873.jpg,Food
image3538.jpg,Food
image9599.jpg,Attire
image10461.jpg,misc
image8039.jpg,Food
image5597.jpg,misc
image2152.jpg,Food
image8957.jpg,Food
image8102.jpg,misc
image8149.jpg,Decorationandsignage
image1826.jpg,Attire
image2331.jpg,misc
image6826.jpg,Attire
image4093.jpg,Decorationandsignage
image2359.jpg,Attire
image3830.jpg,misc
image7719.jpg,Food
image6991.jpg,Food
image2138.jpg,Attire
image9072.jpg,Decorationandsignage
image3260.jpg,Attire
image2912.jpg,Attire
image3301.jpg,misc
image9995.jpg,Decorationandsignage
image6501.jpg,Food
image7127.jpg,Attire
image5644.jpg,Food
image8549.jpg,Attire
image2579.jpg,Food
image444.jpg,Food
image9525.jpg,Attire
image3055.jpg,Attire
image6963.jpg,Decorationandsignage
image7172.jpg,Attire
image4342.jpg,Food
image9069.jpg,Food
image6704.jpg,Decorationandsignage
image7727.jpg,Food
image3215.jpg,Food
image2177.jpg,Decorationandsignage
image4319.jpg,misc
image7440.jpg,Attire
image9942.jpg,Food
image7609.jpg,Food
image935.jpg,Attire
image8053.jpg,Attire
image4721.jpg,Food
image5474.jpg,Attire
image938.jpg,misc
image1553.jpg,Attire
image389.jpg,misc
image8490.jpg,misc
image8646.jpg,Attire
image10810.jpg,Food
image1303.jpg,Food
image8853.jpg,Attire
image10548.jpg,Attire
image2410.jpg,Food
image8543.jpg,Attire
image9505.jpg,Decorationandsignage
image8349.jpg,Decorationandsignage
image1259.jpg,Food
image9656.jpg,Attire
image7847.jpg,Decorationandsignage
image5256.jpg,Food
image6025.jpg,Food
image7277.jpg,misc
image9961.jpg,Attire
image1152.jpg,misc
image9887.jpg,Decorationandsignage
image6578.jpg,Attire
image6255.jpg,Food
image1206.jpg,misc
image8967.jpg,Attire
image10330.jpg,Food
image8055.jpg,misc
image4691.jpg,Decorationandsignage
image8545.jpg,Attire
image837.jpg,Food
image8231.jpg,Attire
image120.jpg,misc
image6456.jpg,Food
image1024.jpg,Food
image6423.jpg,Attire
image2722.jpg,Food
image989.jpg,Food
image282.jpg,Food
image3192.jpg,Attire
image5612.jpg,Attire
image6914.jpg,Food
image5667.jpg,Decorationandsignage
image3922.jpg,Food
image3652.jpg,Attire
image9572.jpg,Food
image5382.jpg,Decorationandsignage
image569.jpg,Food
image7198.jpg,Attire
image8525.jpg,Food
image3736.jpg,Food
image8432.jpg,Attire
image4445.jpg,Decorationandsignage
image5672.jpg,misc
image4719.jpg,Attire
image1049.jpg,Attire
image9002.jpg,misc
image1535.jpg,misc
image8457.jpg,Food
image10114.jpg,Attire
image1629.jpg,Food
image6014.jpg,Food
image5042.jpg,Food
image9111.jpg,Food
image3153.jpg,misc
image3243.jpg,Food
image1788.jpg,Decorationandsignage
image8465.jpg,Attire
image8988.jpg,Food
image9928.jpg,Food
image6859.jpg,Food
image8607.jpg,Attire
image10596.jpg,misc
image3428.jpg,Food
image9200.jpg,Food
image8205.jpg,Food
image6916.jpg,Food
image8532.jpg,Decorationandsignage
image269.jpg,misc
image410.jpg,Food
image10309.jpg,Food
image8227.jpg,Food
image8517.jpg,misc
image3586.jpg,misc
image7418.jpg,Attire
image1961.jpg,Food
image2479.jpg,misc
image6521.jpg,Attire
image3228.jpg,misc
image6166.jpg,Attire
image8292.jpg,Decorationandsignage
image4675.jpg,Decorationandsignage
image10669.jpg,Food
image9508.jpg,Attire
image5926.jpg,misc
image4401.jpg,Food
image8758.jpg,Food
image951.jpg,Food
image2738.jpg,Food
image8489.jpg,Attire
image8503.jpg,Attire
image5295.jpg,Food
image5361.jpg,Attire
image8429.jpg,Decorationandsignage
image2918.jpg,Decorationandsignage
image9293.jpg,Decorationandsignage
image5713.jpg,Food
image4630.jpg,Food
image6498.jpg,Attire
image8755.jpg,Decorationandsignage
image7511.jpg,Food
image7312.jpg,misc
image5466.jpg,misc
image3675.jpg,Food
image8623.jpg,Attire
image2184.jpg,misc
image4861.jpg,Food
image401.jpg,Food
image9671.jpg,misc
image5046.jpg,Food
image2135.jpg,misc
image10115.jpg,Food
image9969.jpg,Food
image7212.jpg,misc
image3283.jpg,Food
image1341.jpg,Food
image9484.jpg,Food
image2925.jpg,Food
image5084.jpg,Decorationandsignage
image3147.jpg,Attire
image3628.jpg,Attire
image5450.jpg,Food
image7943.jpg,Food
image1168.jpg,Attire
image194.jpg,Food
image3690.jpg,Food
image6350.jpg,Food
image6297.jpg,Food
image10430.jpg,Food
image4334.jpg,Attire
image4780.jpg,Food
image4514.jpg,Decorationandsignage
image9423.jpg,Food
image10688.jpg,misc
image8820.jpg,Attire
image5552.jpg,Attire
image3864.jpg,Decorationandsignage
image675.jpg,misc
image5417.jpg,Attire
image6398.jpg,misc
image396.jpg,Food
image2032.jpg,Food
image423.jpg,Food
image4805.jpg,Food
image9112.jpg,Food
image6185.jpg,Food
image7001.jpg,Attire
image8681.jpg,Attire
image8482.jpg,Food
image2172.jpg,Attire
image8150.jpg,Food
image9511.jpg,Food
image3871.jpg,misc
image7826.jpg,Attire
image8440.jpg,misc
image9499.jpg,Attire
image5711.jpg,Attire
image7026.jpg,Attire
image4460.jpg,Food
image213.jpg,Decorationandsignage
image7857.jpg,Attire
image10300.jpg,Food
image3850.jpg,Attire
image10748.jpg,Food
image4742.jpg,Food
image8204.jpg,Food
image1079.jpg,Food
image9249.jpg,Food
image5782.jpg,Attire
image6231.jpg,Attire
image360.jpg,Attire
image6129.jpg,Attire
image6702.jpg,misc
image6165.jpg,Attire
image9517.jpg,misc
image4567.jpg,misc
image7272.jpg,Attire
image10700.jpg,Food
image974.jpg,Attire
image1098.jpg,misc
image4932.jpg,misc
image4341.jpg,misc
image3211.jpg,Decorationandsignage
image9332.jpg,Attire
image6820.jpg,Decorationandsignage
image1323.jpg,Food
image8827.jpg,Attire
image3483.jpg,misc
image6729.jpg,Food
image1215.jpg,Food
image5198.jpg,Attire
image5899.jpg,Food
image7308.jpg,Food
image488.jpg,Food
image5443.jpg,Food
image5210.jpg,Food
image5399.jpg,Decorationandsignage
image5125.jpg,Food
image2974.jpg,Attire
image2955.jpg,Decorationandsignage
image1250.jpg,Food
image9157.jpg,Attire
image5123.jpg,misc
image4264.jpg,Attire
image7603.jpg,Food
image8091.jpg,Attire
image3895.jpg,misc
image2427.jpg,Attire
image8762.jpg,Attire
image10163.jpg,Attire
image2540.jpg,misc
image9791.jpg,Food
image8584.jpg,Decorationandsignage
image7411.jpg,Food
image722.jpg,Attire
image9405.jpg,Attire
image4393.jpg,Attire
image9334.jpg,Attire
image8140.jpg,Attire
image8270.jpg,Attire
image2483.jpg,Food
image4070.jpg,Food
image5176.jpg,misc
image2360.jpg,Decorationandsignage
image10077.jpg,Food
image8620.jpg,misc
image9461.jpg,Decorationandsignage
image2148.jpg,Decorationandsignage
image656.jpg,Attire
image8641.jpg,Food
image2205.jpg,Food
image10632.jpg,Food
image7325.jpg,Attire
image956.jpg,Food
image8881.jpg,misc
image3356.jpg,Food
image5015.jpg,misc
image6847.jpg,misc
image10271.jpg,Attire
image6927.jpg,Food
image5574.jpg,Food
image6792.jpg,Food
image5368.jpg,Food
image3307.jpg,Food
image9314.jpg,misc
image8994.jpg,Attire
image7000.jpg,Food
image7723.jpg,Attire
image8966.jpg,Attire
image6294.jpg,Food
image6851.jpg,Food
image1385.jpg,Food
image8573.jpg,Decorationandsignage
image9837.jpg,Attire
image3399.jpg,Decorationandsignage
image6574.jpg,Decorationandsignage
image1163.jpg,Decorationandsignage
image1112.jpg,Attire
image7033.jpg,misc
image10752.jpg,Attire
image4220.jpg,Food
image9790.jpg,Decorationandsignage
image10039.jpg,Attire
image2719.jpg,Decorationandsignage
image6673.jpg,Food
image2368.jpg,Food
image2565.jpg,Food
image1490.jpg,misc
image6095.jpg,Food
image10590.jpg,Food
image4377.jpg,Food
image4800.jpg,Decorationandsignage
image8546.jpg,Attire
image547.jpg,Attire
image9530.jpg,Food
image9393.jpg,Food
image3472.jpg,Attire
image7640.jpg,misc
image6336.jpg,Food
image2096.jpg,Attire
image10363.jpg,Decorationandsignage
image10252.jpg,Decorationandsignage
image4919.jpg,Attire
image10613.jpg,Attire
image5248.jpg,Attire
image5083.jpg,Food
image10637.jpg,Food
image3359.jpg,Attire
image7168.jpg,Attire
image665.jpg,Food
image8564.jpg,Attire
image2668.jpg,Attire
image8003.jpg,Food
image8956.jpg,Food
image5627.jpg,Attire
image4487.jpg,misc
image8110.jpg,Food
image10342.jpg,Attire
image8033.jpg,Food
image928.jpg,Decorationandsignage
image6805.jpg,Attire
image6618.jpg,Attire
image3865.jpg,Attire
image7083.jpg,Food
image8927.jpg,Food
image9495.jpg,Food
image1267.jpg,Decorationandsignage
image10088.jpg,Attire
image238.jpg,Attire
image770.jpg,Decorationandsignage
image10026.jpg,misc
image9372.jpg,Food
image152.jpg,misc
image7285.jpg,Food
image4972.jpg,Attire
image8918.jpg,Food
image1737.jpg,Food
image10191.jpg,misc
image7812.jpg,Food
image10005.jpg,Decorationandsignage
image2052.jpg,Attire
image388.jpg,misc
image2286.jpg,Food
image9933.jpg,Attire
image241.jpg,Decorationandsignage
image8924.jpg,Food
image10850.jpg,Food
image3391.jpg,Attire
image8737.jpg,misc
image10360.jpg,Attire
image8657.jpg,Food
image1439.jpg,Attire
image9207.jpg,misc
image8342.jpg,Food
image6647.jpg,Food
image4918.jpg,Food
image6994.jpg,misc
image5119.jpg,Food
image5249.jpg,Decorationandsignage
image3417.jpg,Food
image1856.jpg,Food
image1037.jpg,Food
image1984.jpg,Decorationandsignage
image6958.jpg,Attire
image9380.jpg,Food
image2794.jpg,misc
image7164.jpg,Food
image9181.jpg,Food
image5668.jpg,Food
image597.jpg,Food
image9243.jpg,Attire
image8785.jpg,Attire
image8099.jpg,Food
image7646.jpg,Attire
image9986.jpg,Attire
image4046.jpg,Food
image6026.jpg,Food
image2742.jpg,misc
image2243.jpg,Food
image3086.jpg,Food
image7534.jpg,misc
image1666.jpg,misc
image7062.jpg,Attire
image2314.jpg,Attire
image7143.jpg,Food
image7791.jpg,Attire
image6232.jpg,Attire
image9972.jpg,Attire
image7287.jpg,Food
image554.jpg,Decorationandsignage
image8709.jpg,Food
image9333.jpg,Food
image7800.jpg,Food
image5724.jpg,Food
image8127.jpg,Food
image9472.jpg,misc
image6833.jpg,Food
image8017.jpg,Decorationandsignage
image7501.jpg,Attire
image9443.jpg,Attire
image9143.jpg,Food
image5460.jpg,Food
image2550.jpg,Attire
image7294.jpg,Attire
image37.jpg,Food
image8938.jpg,Decorationandsignage
image1223.jpg,Food
image7123.jpg,Food
image7301.jpg,Attire
image10166.jpg,misc
image10579.jpg,misc
image7416.jpg,Food
image10304.jpg,Attire
image2461.jpg,misc
image1318.jpg,Attire
image8831.jpg,Decorationandsignage
image3337.jpg,Food
image10201.jpg,Attire
image7660.jpg,Attire
image6020.jpg,Food
image6109.jpg,Food
image6266.jpg,misc
image7903.jpg,Decorationandsignage
image6858.jpg,Food
image5572.jpg,Decorationandsignage
image10074.jpg,Attire
image9222.jpg,Attire
image10046.jpg,misc
image3867.jpg,Food
image4858.jpg,Food
image2643.jpg,misc
image7922.jpg,Food
image7565.jpg,misc
image7154.jpg,Attire
image117.jpg,Attire
image9745.jpg,misc
image721.jpg,Food
image9862.jpg,Attire
image7900.jpg,misc
image10164.jpg,misc
image6237.jpg,misc
image9458.jpg,Attire
image5849.jpg,Food
image9368.jpg,Food
image9480.jpg,Food
image4986.jpg,Food
image1653.jpg,Food
image9846.jpg,Attire
image6467.jpg,Decorationandsignage
image4181.jpg,Food
image6637.jpg,Food
image8410.jpg,Decorationandsignage
image4984.jpg,misc
image4732.jpg,Food
image5921.jpg,Attire
image10370.jpg,Food
image5953.jpg,Food
image2700.jpg,Attire
image6062.jpg,Food
image7859.jpg,Food
image1624.jpg,Food
image10835.jpg,Food
image8156.jpg,Attire
image8105.jpg,Attire
image914.jpg,Food
image9985.jpg,Attire
image4906.jpg,misc
image4949.jpg,Food
image8428.jpg,Food
image10562.jpg,misc
image3234.jpg,Food
image4387.jpg,Food
image10410.jpg,Food
image1556.jpg,misc
image7549.jpg,Decorationandsignage
image10457.jpg,Food
image9939.jpg,Food
image9996.jpg,Attire
image7763.jpg,Attire
image4910.jpg,Attire
image9878.jpg,misc
image8064.jpg,Attire
image7887.jpg,Food
image6672.jpg,misc
image7752.jpg,Attire
image9274.jpg,Food
image1151.jpg,Attire
image9653.jpg,Food
image7963.jpg,Food
image3494.jpg,Decorationandsignage
image10529.jpg,Food
image725.jpg,Food
image7682.jpg,Food
image1649.jpg,Food
image8474.jpg,Food
image5996.jpg,Decorationandsignage
image3923.jpg,misc
image7085.jpg,Decorationandsignage
image1580.jpg,Food
image5020.jpg,Food
image5137.jpg,Decorationandsignage
image10124.jpg,Attire
image10784.jpg,Food
image6400.jpg,Food
image5319.jpg,Attire
image411.jpg,Attire
image7888.jpg,Food
image4835.jpg,misc
image7338.jpg,Attire
image5488.jpg,misc
image7324.jpg,Food
image10788.jpg,Food
image3006.jpg,Decorationandsignage
image5082.jpg,Attire
image5716.jpg,Food
image6559.jpg,misc
image9085.jpg,Attire
image4907.jpg,Decorationandsignage
image1351.jpg,Decorationandsignage
image9978.jpg,Attire
image2764.jpg,Attire
image6488.jpg,Attire
image8723.jpg,Decorationandsignage
image3444.jpg,Food
image3246.jpg,Food
image3961.jpg,Food
image8220.jpg,Attire
image10044.jpg,Attire
image6337.jpg,Food
image2372.jpg,Attire
image1231.jpg,Attire
image5246.jpg,misc
image1815.jpg,Attire
image965.jpg,Attire
image8075.jpg,Decorationandsignage
image8267.jpg,Food
image9404.jpg,Attire
image10219.jpg,Food
image3740.jpg,Decorationandsignage
image1920.jpg,misc
image1716.jpg,misc
image1195.jpg,Food
image3677.jpg,misc
image4344.jpg,misc
image9802.jpg,Decorationandsignage
image1601.jpg,Decorationandsignage
image3431.jpg,misc
image1501.jpg,Attire
image979.jpg,Attire
image4967.jpg,Food
image8422.jpg,misc
image7886.jpg,Food
image7135.jpg,Food
image2007.jpg,misc
image6067.jpg,Attire
image9330.jpg,misc
image8688.jpg,misc
image7585.jpg,Decorationandsignage
image4706.jpg,Food
image9374.jpg,Food
image10830.jpg,Attire
image10231.jpg,Attire
image4270.jpg,Food
image4297.jpg,Attire
image1497.jpg,Decorationandsignage
image7672.jpg,Attire
image7916.jpg,misc
image10245.jpg,Food
image4722.jpg,Food
image10889.jpg,Attire
image7905.jpg,misc
image10292.jpg,Food
image1359.jpg,Food
image10828.jpg,Food
image9057.jpg,Attire
image8273.jpg,Food
image4381.jpg,Decorationandsignage
image8198.jpg,Food
image9202.jpg,Food
image7776.jpg,Food
image5049.jpg,Food
image5182.jpg,Attire
image5968.jpg,Food
image10497.jpg,Attire
image8395.jpg,Food
image4010.jpg,misc
image3565.jpg,misc
image3141.jpg,misc
image10275.jpg,misc
image4839.jpg,misc
image10662.jpg,Attire
image9271.jpg,misc
image9698.jpg,misc
image494.jpg,misc
image1872.jpg,Food
image4961.jpg,Attire
image1096.jpg,Attire
image1846.jpg,misc
image4860.jpg,Food
image4183.jpg,Attire
image5854.jpg,Food
image4299.jpg,Food
image7838.jpg,Decorationandsignage
image9005.jpg,Attire
image3695.jpg,Attire
image5943.jpg,Food
image7643.jpg,Food
image2762.jpg,Decorationandsignage
image8739.jpg,Food
image6239.jpg,Attire
image7536.jpg,Attire
image5325.jpg,Food
image5408.jpg,Attire
image5157.jpg,Food
image2509.jpg,Food
image2593.jpg,Attire
image10739.jpg,Food
image5591.jpg,Attire
image5826.jpg,Attire
image8430.jpg,Food
image8891.jpg,Food
image10860.jpg,Decorationandsignage
image4877.jpg,Food
image9958.jpg,misc
image5478.jpg,Attire
image5407.jpg,Attire
image8397.jpg,misc
image2772.jpg,Attire
image8412.jpg,misc
image2287.jpg,Food
image1320.jpg,Decorationandsignage
image3052.jpg,Attire
image10194.jpg,Attire
image3177.jpg,Food
image8439.jpg,Attire
image6622.jpg,Decorationandsignage
image5765.jpg,Attire
image4278.jpg,Decorationandsignage
image4123.jpg,Attire
image5935.jpg,Food
image7255.jpg,Attire
image2327.jpg,misc
image994.jpg,Food
image10877.jpg,misc
image10052.jpg,Food
image5623.jpg,misc
image6282.jpg,Food
image7377.jpg,Food
image7761.jpg,Food
image8841.jpg,Food
image8257.jpg,Attire
image3734.jpg,Decorationandsignage
image6630.jpg,Attire
image2376.jpg,Attire
image3627.jpg,Decorationandsignage
image4030.jpg,Food
image4699.jpg,Food
image9892.jpg,Decorationandsignage
image3039.jpg,Decorationandsignage
image490.jpg,Food
image1512.jpg,Decorationandsignage
image541.jpg,Food
image3221.jpg,misc
image6515.jpg,Food
image217.jpg,Attire
image3064.jpg,Attire
image631.jpg,misc
image8593.jpg,Attire
image3354.jpg,Food
image1990.jpg,Attire
image9211.jpg,Food
image3720.jpg,Decorationandsignage
image9699.jpg,Food
image6831.jpg,Attire
image8684.jpg,Attire
image1262.jpg,Attire
image8856.jpg,Attire
image7330.jpg,Decorationandsignage
image9029.jpg,Food
image155.jpg,Decorationandsignage
image8478.jpg,misc
image2333.jpg,Food
image8586.jpg,Food
image4901.jpg,Attire
image10302.jpg,Food
image5767.jpg,Food
image8268.jpg,misc
image2013.jpg,Attire
image2834.jpg,Attire
image8018.jpg,misc
image3560.jpg,Decorationandsignage
image10142.jpg,Attire
image2641.jpg,Food
image5171.jpg,Food
image68.jpg,Food
image10685.jpg,Food
image5934.jpg,Food
image3279.jpg,Food
image5870.jpg,Attire
image2335.jpg,Decorationandsignage
image4857.jpg,misc
image438.jpg,Attire
image3551.jpg,Food
image2505.jpg,Decorationandsignage
image5337.jpg,Food
image7344.jpg,Food
image130.jpg,Food
image1722.jpg,Decorationandsignage
image9490.jpg,Food
image4746.jpg,Decorationandsignage
image6818.jpg,misc
image10416.jpg,Attire
image4605.jpg,Food
image10478.jpg,Attire
image10819.jpg,Food
image6577.jpg,Decorationandsignage
image8724.jpg,Food
image2238.jpg,Decorationandsignage
image4740.jpg,Attire
image4059.jpg,Food
image2500.jpg,misc
image10768.jpg,Attire
image7142.jpg,misc
image10210.jpg,Food
image9220.jpg,misc
image1209.jpg,Food
image3996.jpg,Decorationandsignage
image5467.jpg,Decorationandsignage
image5535.jpg,Attire
image3571.jpg,Decorationandsignage
image4135.jpg,Food
image4889.jpg,Attire
image4477.jpg,Food
image6332.jpg,misc
image1479.jpg,Food
image9224.jpg,Attire
image3422.jpg,Attire
image6536.jpg,Attire
image5165.jpg,Decorationandsignage
image7263.jpg,Food
image4604.jpg,Food
image5253.jpg,Attire
image1572.jpg,Attire
image6508.jpg,Attire
image652.jpg,Decorationandsignage
image5692.jpg,Attire
image2866.jpg,Attire
image2613.jpg,misc
image6582.jpg,Decorationandsignage
image307.jpg,Decorationandsignage
image3382.jpg,Food
image1516.jpg,Food
image9684.jpg,Attire
image7283.jpg,Food
image3028.jpg,Food
image8187.jpg,Decorationandsignage
image3776.jpg,Food
image10567.jpg,Attire
image2580.jpg,Attire
image1576.jpg,Food
image1053.jpg,misc
image10505.jpg,Attire
image6950.jpg,Attire
image6513.jpg,Attire
image6671.jpg,Attire
image9913.jpg,Food
image4853.jpg,Food
image6871.jpg,Attire
image3738.jpg,Decorationandsignage
image8123.jpg,Attire
image8288.jpg,misc
image7315.jpg,Attire
image5588.jpg,Food
image3999.jpg,Attire
image3470.jpg,Attire
image744.jpg,misc
image2507.jpg,Food
image8675.jpg,misc
image6483.jpg,Food
image9058.jpg,Attire
image4212.jpg,misc
image4228.jpg,Food
image2274.jpg,Food
image10456.jpg,Attire
image3709.jpg,Attire
image6507.jpg,Attire
image3714.jpg,Decorationandsignage
image10623.jpg,Food
image10777.jpg,misc
image10217.jpg,Attire
image3227.jpg,Food
image7927.jpg,Attire
image3766.jpg,Attire
image3964.jpg,Decorationandsignage
image2503.jpg,Attire
image5207.jpg,Attire
image7435.jpg,Attire
image10170.jpg,misc
image4921.jpg,Food
image4846.jpg,Food
image5211.jpg,Food
image685.jpg,misc
image7458.jpg,Food
image2154.jpg,Food
image9199.jpg,misc
image9721.jpg,Food
image7528.jpg,Attire
image10774.jpg,misc
image1375.jpg,Food
image10157.jpg,misc
image1774.jpg,misc
image3760.jpg,Decorationandsignage
image6791.jpg,misc
image4564.jpg,Decorationandsignage
image3429.jpg,Attire
image5806.jpg,Attire
image9478.jpg,Food
image9655.jpg,Attire
image9768.jpg,Attire
image10598.jpg,Food
image8147.jpg,Food
image3166.jpg,Food
image4659.jpg,Attire
image8052.jpg,misc
image10269.jpg,Decorationandsignage
image6221.jpg,Food
image2054.jpg,Food
image7170.jpg,Food
image9449.jpg,Decorationandsignage
image2870.jpg,Food
image8300.jpg,Food
image314.jpg,Food
image6629.jpg,Food
image7208.jpg,Food
image10829.jpg,Food
image6330.jpg,Food
image6815.jpg,Attire
image10102.jpg,Food
image6005.jpg,Decorationandsignage
image10228.jpg,Attire
image6324.jpg,Food
image5311.jpg,Food
image10874.jpg,Food
image7993.jpg,Food
image7431.jpg,Food
image5385.jpg,Food
image589.jpg,Food
image8878.jpg,Food
image4900.jpg,Attire
image2701.jpg,Decorationandsignage
image6516.jpg,Attire
image371.jpg,Decorationandsignage
image8025.jpg,Food
image4799.jpg,Food
image6931.jpg,misc
image473.jpg,Attire
image493.jpg,Food
image10009.jpg,Food
image3173.jpg,Attire
image5371.jpg,Attire
image5587.jpg,Attire
image6073.jpg,Attire
image3319.jpg,Food
image10305.jpg,Food
image736.jpg,Food
image4032.jpg,Food
image10053.jpg,Attire
image8658.jpg,Attire
image9923.jpg,Decorationandsignage
image1111.jpg,Food
image9296.jpg,Food
image4556.jpg,Decorationandsignage
image6132.jpg,Decorationandsignage
image6448.jpg,Food
image6006.jpg,Attire
image6016.jpg,misc
image9549.jpg,Attire
image9419.jpg,Food
image7107.jpg,Attire
image4982.jpg,Attire
image3320.jpg,Attire
image10450.jpg,Attire
image8645.jpg,Attire
image3496.jpg,Food
image1993.jpg,Attire
image3610.jpg,Attire
image8667.jpg,Decorationandsignage
image2116.jpg,Food
image8676.jpg,Food
image4399.jpg,Food
image6364.jpg,Food
image8726.jpg,Attire
image7380.jpg,misc
image9238.jpg,Attire
image9113.jpg,Food
image4645.jpg,Food
image8277.jpg,Attire
image2543.jpg,misc
image3411.jpg,Attire
image4214.jpg,misc
image4223.jpg,Attire
image8500.jpg,misc
image3679.jpg,Food
image145.jpg,Food
image1224.jpg,Food
image2155.jpg,Attire
image5326.jpg,misc
image10604.jpg,misc
image7954.jpg,Decorationandsignage
image4100.jpg,Attire
image5003.jpg,Food
image8090.jpg,Food
image206.jpg,Attire
image4291.jpg,Decorationandsignage
image1929.jpg,Attire
image6908.jpg,misc
image7281.jpg,Attire
image2344.jpg,misc
image3449.jpg,Food
image5675.jpg,Attire
image4527.jpg,Attire
image4704.jpg,Food
image6890.jpg,Decorationandsignage
image234.jpg,Attire
image10249.jpg,misc
image3574.jpg,Attire
image2932.jpg,misc
image6009.jpg,Food
image3062.jpg,Attire
image6210.jpg,Attire
image5099.jpg,Decorationandsignage
image9759.jpg,Attire
image4627.jpg,Decorationandsignage
image9770.jpg,Attire
image8174.jpg,Food
image7977.jpg,Food
image6810.jpg,Decorationandsignage
image4938.jpg,Attire
image6028.jpg,misc
image4759.jpg,Food
image3079.jpg,misc
image10067.jpg,Attire
image7408.jpg,Food
image9256.jpg,Food
image3684.jpg,misc
image8271.jpg,Food
image5958.jpg,Attire
image8730.jpg,Food
image8016.jpg,Food
image10821.jpg,Attire
image10537.jpg,Attire
image7767.jpg,Attire
image7658.jpg,Food
image8672.jpg,Attire
image2938.jpg,Decorationandsignage
image6357.jpg,Decorationandsignage
image2814.jpg,Food
image10047.jpg,Food
image409.jpg,Attire
image7564.jpg,Decorationandsignage
image5671.jpg,misc
image6623.jpg,Food
image9130.jpg,Attire
image9036.jpg,Attire
image5189.jpg,Food
image8067.jpg,Food
image7582.jpg,Food
image1013.jpg,Decorationandsignage
image5862.jpg,misc
image8917.jpg,Food
image6648.jpg,Attire
image1330.jpg,Food
image4196.jpg,Food
image1356.jpg,Decorationandsignage
image8980.jpg,Attire
image1258.jpg,Attire
image8742.jpg,Food
image3112.jpg,Attire
image7050.jpg,Food
image7187.jpg,Decorationandsignage
image1277.jpg,misc
image6728.jpg,Food
image9206.jpg,Food
image1736.jpg,Attire
image3434.jpg,Attire
image7106.jpg,Decorationandsignage
image8095.jpg,Food
image2884.jpg,Attire
image7115.jpg,Decorationandsignage
image5362.jpg,Food
image7844.jpg,Attire
image297.jpg,Attire
image2220.jpg,misc
image3798.jpg,Attire
image7768.jpg,Decorationandsignage
image10230.jpg,Attire
image5799.jpg,Food
image7633.jpg,Food
image9538.jpg,Attire
image7892.jpg,Food
image7992.jpg,Attire
image4073.jpg,Attire
image1055.jpg,Food
image7540.jpg,misc
image5332.jpg,Attire
image1084.jpg,Food
image4895.jpg,Attire
image3305.jpg,Attire
image3552.jpg,misc
image5315.jpg,Decorationandsignage
image4601.jpg,Attire
image7386.jpg,Food
image8165.jpg,Attire
image6877.jpg,misc
image8761.jpg,Food
image10426.jpg,Food
image6040.jpg,misc
image10617.jpg,Food
image6957.jpg,Food
image3491.jpg,Attire
image6510.jpg,Food
image4793.jpg,Attire
image3237.jpg,Attire
image5569.jpg,Food
image1181.jpg,Decorationandsignage
image4666.jpg,Food
image1625.jpg,Food
image4929.jpg,Decorationandsignage
image7090.jpg,misc
image10761.jpg,Food
image3410.jpg,Attire
image6900.jpg,misc
image9988.jpg,Food
image3908.jpg,Decorationandsignage
image6354.jpg,Decorationandsignage
image6634.jpg,misc
image8493.jpg,Attire
image4851.jpg,Decorationandsignage
image8302.jpg,misc
image7597.jpg,Attire
image10023.jpg,misc
image8468.jpg,Decorationandsignage
image4771.jpg,misc
image6084.jpg,Food
image1087.jpg,misc
image2818.jpg,Attire
image2995.jpg,Attire
image2848.jpg,Attire
image9744.jpg,Food
image8691.jpg,Food
image2675.jpg,Food
image5437.jpg,Food
image4822.jpg,Attire
image3536.jpg,Food
image1332.jpg,Food
image4031.jpg,Food
image5761.jpg,Food
image1828.jpg,misc
image175.jpg,Food
image1540.jpg,Attire
image5872.jpg,Food
image9062.jpg,Decorationandsignage
image7436.jpg,Attire
image1193.jpg,misc
image4772.jpg,Food
image6269.jpg,Attire
image7631.jpg,Attire
image6678.jpg,Food
image4478.jpg,misc
image7430.jpg,Attire
image5704.jpg,Food
image9168.jpg,Food
image4040.jpg,Food
image1519.jpg,Decorationandsignage
image3150.jpg,Attire
image8103.jpg,Food
image7853.jpg,misc
image4674.jpg,Food
image8803.jpg,Food
image3270.jpg,misc
image4382.jpg,Food
image10098.jpg,Food
image75.jpg,Decorationandsignage
image4185.jpg,Food
image10151.jpg,Food
image8104.jpg,Attire
image3426.jpg,Attire
image3876.jpg,Attire
image4074.jpg,misc
image10012.jpg,Food
image10119.jpg,Food
image7222.jpg,Food
image4465.jpg,Attire
image8527.jpg,Decorationandsignage
image10143.jpg,Food
image3661.jpg,Food
image3970.jpg,Attire
image6511.jpg,misc
image6048.jpg,Food
image3481.jpg,Attire
image1346.jpg,Attire
image4431.jpg,Attire
image3859.jpg,Attire
image10772.jpg,Attire
image7303.jpg,Decorationandsignage
image1335.jpg,Attire
image8874.jpg,Food
image8317.jpg,Decorationandsignage
image10349.jpg,Food
image6548.jpg,Food
image7738.jpg,Attire
image6514.jpg,Food
image3126.jpg,Attire
image8572.jpg,misc
image8567.jpg,Food
image10447.jpg,Food
image1665.jpg,Attire
image1781.jpg,Food
image7313.jpg,Food
image2167.jpg,Food
image9999.jpg,Attire
image2595.jpg,Attire
image10147.jpg,Food
image8169.jpg,Attire
image7517.jpg,Attire
image3671.jpg,Food
image10105.jpg,Decorationandsignage
image4892.jpg,Food
image461.jpg,Food
image394.jpg,Decorationandsignage
image3529.jpg,Decorationandsignage
image10317.jpg,Attire
image5272.jpg,Food
image6659.jpg,Attire
image9661.jpg,misc
image3176.jpg,Food
image5271.jpg,Food
image5268.jpg,Attire
image8772.jpg,Food
image9755.jpg,misc
image4983.jpg,Attire
image6520.jpg,Attire
image9627.jpg,Attire
image362.jpg,Attire
image4323.jpg,Decorationandsignage
image10459.jpg,Food
image1552.jpg,Attire
image4923.jpg,Attire
image2748.jpg,Decorationandsignage
image1813.jpg,Attire
image5822.jpg,misc
image7516.jpg,Food
image3193.jpg,Food
image6934.jpg,Attire
image9343.jpg,Food
image7649.jpg,Attire
image3989.jpg,Attire
image3063.jpg,Food
image8472.jpg,Food
image312.jpg,Attire
image10082.jpg,Attire
image1175.jpg,Decorationandsignage
image9805.jpg,Attire
image416.jpg,Food
image5136.jpg,Attire
image6068.jpg,Food
image1643.jpg,Decorationandsignage
image2611.jpg,Food
image7132.jpg,Decorationandsignage
image9966.jpg,Food
image8261.jpg,Attire
image4308.jpg,Attire
image8136.jpg,Attire
image10474.jpg,Food
image1816.jpg,misc
image7199.jpg,misc
image10207.jpg,Decorationandsignage
image335.jpg,Food
image9438.jpg,Food
image7306.jpg,Attire
image564.jpg,Food
image1449.jpg,Decorationandsignage
image10491.jpg,Attire
image3117.jpg,Attire
image8135.jpg,Food
image4104.jpg,Attire
image8269.jpg,Decorationandsignage
image9351.jpg,Attire
image10628.jpg,Attire
image6092.jpg,Food
image3721.jpg,Attire
image10408.jpg,misc
image1263.jpg,Decorationandsignage
image9193.jpg,Food
image5522.jpg,Attire
image6429.jpg,Food
image5801.jpg,Attire
image7420.jpg,Food
image255.jpg,Food
image1124.jpg,Attire
image4611.jpg,Food
image5868.jpg,Attire
image3362.jpg,Food
image4863.jpg,Food
image133.jpg,Attire
image7487.jpg,Food
image9105.jpg,Food
image1524.jpg,Food
image2448.jpg,Food
image3644.jpg,Food
image5502.jpg,Attire
image7595.jpg,Food
image10871.jpg,Attire
image2928.jpg,Food
image6213.jpg,misc
image10150.jpg,Attire
image3437.jpg,Attire
image9576.jpg,Food
image10240.jpg,Attire
image1287.jpg,Attire
image4086.jpg,Attire
image7632.jpg,Attire
image5843.jpg,Decorationandsignage
image2279.jpg,misc
image6985.jpg,Decorationandsignage
image8711.jpg,Food
image10622.jpg,Attire
image4335.jpg,misc
image3353.jpg,Attire
image3274.jpg,Food
image8563.jpg,Food
image3897.jpg,Food
image10813.jpg,Food
image5245.jpg,Food
image2575.jpg,misc
image2001.jpg,Attire
image668.jpg,Attire
image3388.jpg,misc
image2896.jpg,misc
image10051.jpg,Attire
image6470.jpg,Food
image4836.jpg,Attire
image3106.jpg,Food
image9127.jpg,misc
image5787.jpg,Attire
image1831.jpg,Attire
image5351.jpg,Food
image3562.jpg,Food
image537.jpg,Attire
image636.jpg,misc
image9799.jpg,Attire
image6737.jpg,Decorationandsignage
image9905.jpg,Decorationandsignage
image4473.jpg,Attire
image6624.jpg,Decorationandsignage
image7254.jpg,Attire
image9174.jpg,Food
image1328.jpg,Decorationandsignage
image9665.jpg,Food
image3939.jpg,Decorationandsignage
image6265.jpg,Decorationandsignage
image1238.jpg,misc
image7057.jpg,Food
image7345.jpg,Food
image10307.jpg,Attire
image5041.jpg,Food
image4924.jpg,Attire
image4340.jpg,Decorationandsignage
image6170.jpg,Decorationandsignage
image7731.jpg,misc
image122.jpg,Attire
image6480.jpg,misc
image3014.jpg,Decorationandsignage
image1613.jpg,Attire
image2028.jpg,Food
image1417.jpg,Food
image6431.jpg,Attire
image4651.jpg,misc
image8764.jpg,Food
image10831.jpg,misc
image318.jpg,Attire
image8787.jpg,Food
image2711.jpg,Attire
image6984.jpg,Food
image5634.jpg,Food
image1399.jpg,Decorationandsignage
image1074.jpg,Food
image8566.jpg,misc
image1142.jpg,misc
image1887.jpg,Food
image2129.jpg,Decorationandsignage
image2684.jpg,Attire
image9563.jpg,Food
image4271.jpg,misc
image2159.jpg,Food
image3739.jpg,Food
image8530.jpg,Decorationandsignage
image5169.jpg,Attire
image1466.jpg,Food
image10327.jpg,Food
image8578.jpg,Attire
image5432.jpg,Food
image9529.jpg,Food
image5213.jpg,Attire
image6495.jpg,Attire
image9729.jpg,Food
image5216.jpg,Food
image745.jpg,Food
image476.jpg,misc
image10542.jpg,Food
image9614.jpg,Attire
image1603.jpg,Attire
image4067.jpg,Food
image7148.jpg,Food
image4596.jpg,Attire
image7772.jpg,Food
image9965.jpg,Food
image2382.jpg,misc
image4113.jpg,Attire
image178.jpg,Food
image2349.jpg,Food
image10040.jpg,Decorationandsignage
image9033.jpg,Attire
image256.jpg,Food
image6911.jpg,Food
image7952.jpg,Food
image9944.jpg,Food
image8120.jpg,Decorationandsignage
image9095.jpg,Decorationandsignage
image4053.jpg,Food
image8686.jpg,Decorationandsignage
image5126.jpg,Food
image10611.jpg,misc
image10576.jpg,Food
image2702.jpg,Food
image4635.jpg,Food
image660.jpg,Food
image271.jpg,Attire
image6954.jpg,Attire
image4330.jpg,Attire
image6463.jpg,Food
image3214.jpg,Food
image5927.jpg,Food
image8070.jpg,Attire
image10859.jpg,Attire
image6759.jpg,Food
image6620.jpg,misc
image5533.jpg,Attire
image2252.jpg,Attire
image2774.jpg,Attire
image792.jpg,Food
image5609.jpg,Food
image8595.jpg,Decorationandsignage
image5663.jpg,Food
image4412.jpg,Attire
image6848.jpg,Attire
image5654.jpg,Food
image497.jpg,Attire
image4019.jpg,Attire
image10407.jpg,Attire
image6778.jpg,Food
image10618.jpg,Decorationandsignage
image1057.jpg,Attire
image7717.jpg,Food
image9308.jpg,misc
image3668.jpg,Attire
image5135.jpg,Food
